theta0,theta1
8498.296095106623,-0.021436568223529753
