theta0,theta1
8433.895463712892,-0.020824189272997142
